Name,Strategy,Num dim,RMSE,MAE,Run time (extr),Run time (tsf),Num features,Time/feature,Run time (classif),Total time
Covid3Month,minirocket,1,0.04471992701292038,0.03383985534310341,0.20856618881225586,0.015348672866821289,924.0,0.00022572098356304747,0.00032448768615722656,0.22423934936523438
Covid3Month,catch22,1,0.04471992701292038,0.03383985534310341,5.133028984069824,0.9079544544219971,22.0,0.2333194992759011,0.00018668174743652344,6.041170120239258
