Name,Strategy,Num dim,RMSE,MAE,Run time (extr),Run time (tsf),Num features,Time/feature,Run time (classif),Total time
Covid3Month,rocket,1,0.046678293496370316,0.03509305417537689,0.17550253868103027,0.0439457893371582,1000.0,0.00017550253868103027,0.009232521057128906,0.22868084907531738
Covid3Month,catch22,1,0.049727413803339005,0.034747980535030365,4.197815895080566,0.8188152313232422,22.0,0.19080981341275302,0.001257181167602539,5.017888307571411
Covid3Month,signature,1,1.6754246950149536,0.26389411091804504,0.23154091835021973,0.018123149871826172,42.0,0.005512879008338565,0.0011949539184570312,0.25085902214050293
FloodModeling1,rocket,1,0.023898620158433914,0.018962763249874115,1.0571751594543457,0.4194297790527344,1000.0,0.0010571751594543456,0.03872871398925781,1.515333652496338
FloodModeling1,catch22,1,0.006664654705673456,0.005189295392483473,0.6042940616607666,0.250352144241333,22.0,0.027467911893671208,0.001402139663696289,0.8560483455657959
FloodModeling1,signature,1,0.01765582524240017,0.013529813848435879,0.5424923896789551,0.21064496040344238,42.0,0.012916485468546549,0.002275228500366211,0.7554125785827637
