Name,Strategy,Num dim,RMSE,MAE,Run time (extr),Run time (tsf),Num features,Time/feature,Run time (classif),Total time
Covid3Month,minirocket,1,0.05444901089161337,0.03837537251748755,0.13359570503234863,0.013800859451293945,924.0,0.00014458409635535567,0.04821300506591797,0.19560956954956055
Covid3Month,tsfresh,1,0.05853046536799529,0.0419369246505323,10.74311876296997,4.546145439147949,789.0,0.013616120105158391,0.03394770622253418,15.323211908340454
Covid3Month,tsfel,1,0.052544833258991286,0.03717477905151785,4.414830923080444,1.871286392211914,177.0,0.02494254758802511,0.012132644653320312,6.298249959945679
Covid3Month,catch22,1,0.06323123085019511,0.04506609737720402,4.1490912437438965,0.8301525115966797,22.0,0.18859505653381348,0.0013630390167236328,4.9806067943573
Covid3Month,featuretools,1,0.060829640482483446,0.04235793353959185,0.7389662265777588,0.31763339042663574,50.0,0.014779324531555177,0.002909421920776367,1.059509038925171
Covid3Month,signature,1,0.04707424689685889,0.03427850721465027,0.2544221878051758,0.036237239837646484,42.0,0.006057671138218471,0.0013988018035888672,0.29205822944641113
Covid3Month,intervals_c22,1,0.059918922263493185,0.04376032061447374,47.922807455062866,11.311790943145752,990.0,0.04840687621723522,0.039229631423950195,59.27382802963257
