Name,Strategy,Num dim,RMSE,MAE,Run time (extr),Run time (tsf),Num features,Time/feature,Run time (classif),Total time
HouseholdPowerConsumption1,catch22,5,521.1155395507812,404.9826965332031,201.48133754730225,184.06295156478882,110.0,1.8316485231572932,0.000457763671875,385.54474687576294
Covid3Month,catch22,1,0.04471992701292038,0.03383985534310341,5.029571056365967,0.9012913703918457,22.0,0.22861686619845303,0.0001614093780517578,5.931023836135864
