Name,Strategy,Num dim,RMSE,MAE,Run time (extr),Run time (tsf),Num features,Time/feature,Run time (classif),Total time
CardanoSentiment,rocket,2,0.31563010811805725,0.24897702038288116,0.07285857200622559,0.016288280487060547,1000.0,7.285857200622559e-05,0.010759592056274414,0.09990644454956055
CardanoSentiment,catch22,2,0.34953105449676514,0.2712820768356323,383.66415309906006,201.56334519386292,44.0,8.719639843160456,0.0012402534484863281,585.2287385463715
CardanoSentiment,signature,2,1.17066490650177,0.7459194660186768,0.29402637481689453,0.014408588409423828,84.0,0.003500313985915411,0.0014910697937011719,0.30992603302001953
