Name,Strategy,Num dim,RMSE,MAE,Run time (extr),Run time (tsf),Num features,Time/feature,Run time (classif),Total time
BenzeneConcentration,signature,8,0.17797210812568665,0.13505376875400543,5.666229963302612,7.757344722747803,630.0,0.00899401581476605,0.11864376068115234,13.542218446731567
BenzeneConcentration,intervals,8,39.174232482910156,26.750362396240234,2089.116166830063,3108.3752360343933,1000.0,2.089116166830063,0.297163724899292,5197.7885665893555
BenzeneConcentration,intervals_c22,8,19.794418334960938,15.045373916625977,7573.586633205414,11202.017872810364,990.0,7.650087508288297,0.30499887466430664,18775.909504890442
