Name,Strategy,Num dim,RMSE,MAE,MAPE,Run time (extr),Run time (tsf),Num features,Time/feature,Run time (classif),Total time
Covid3Month,rocket,1,0.04444658742595625,0.03330952537811096,17911219163811.31,0.17017149925231934,0.05268120765686035,1000.0,0.00017017149925231933,0.005258798599243164,0.22811150550842285
Covid3Month,multirocket,1,0.03908298700123993,0.030904650382025712,42082185006481.85,0.0806877613067627,0.010017871856689453,1008.0,8.004738224877251e-05,0.004700183868408203,0.09540581703186035
Covid3Month,tsfel,1,0.03989821490274571,0.02885222743773849,20941393287286.637,4.402990818023682,1.7991371154785156,177.0,0.024875654339116846,0.003402233123779297,6.205530166625977
Covid3Month,catch22,1,0.04876542812283771,0.03417428058804491,39790295266317.02,4.046461582183838,0.8167369365692139,22.0,0.18393007191744717,0.0016980171203613281,4.864896535873413
Covid3Month,tsfeatures,1,0.043070942320125344,0.03220812770475491,24814965016792.41,4.468780040740967,1.855088472366333,37.0,0.12077783893894505,0.0016832351684570312,6.325551748275757
Covid3Month,featuretools,1,0.04237414504346651,0.03221624186196096,33465913912238.887,0.6308012008666992,0.3108642101287842,50.0,0.012616024017333985,0.002423524856567383,0.9440889358520508
Covid3Month,signature,1,0.0427987848067203,0.03205510759651409,30779234416515.1,0.22139763832092285,0.018070220947265625,42.0,0.005271372340974354,0.0013930797576904297,0.2408609390258789
Covid3Month,intervals_c22,1,0.06767612079402059,0.048943381541806365,43723087903278.1,47.91346216201782,10.90459680557251,990.0,0.04839743652729073,0.004520416259765625,58.8225793838501
