Name,Strategy,Num dim,RMSE,MAE,Run time (extr),Run time (tsf),Num features,Time/feature,Run time (classif),Total time
CardanoSentiment,minirocket,2,0.3913751244544983,0.2832833528518677,0.13878512382507324,0.011532783508300781,924.0,0.00015020035046003598,0.0036530494689941406,0.15397095680236816
CardanoSentiment,multirocket,2,0.31272584199905396,0.22699691355228424,0.11516904830932617,0.011492252349853516,1008.0,0.00011425500824337913,0.003243684768676758,0.12990498542785645
CardanoSentiment,tsfresh,2,0.41050222516059875,0.32399579882621765,9.223000526428223,4.066644906997681,1578.0,0.005844740511044501,0.004117012023925781,13.293762445449829
CardanoSentiment,tsfel,2,0.5257111191749573,0.3824520409107208,4.050109148025513,1.7784271240234375,294.0,0.013775881455869091,0.0024917125701904297,5.831027984619141
CardanoSentiment,tsfeatures,2,0.6812869906425476,0.5017915368080139,3.9823555946350098,1.7429773807525635,74.0,0.05381561614371635,0.0017731189727783203,5.727106094360352
CardanoSentiment,featuretools,2,10.987479209899902,8.389603614807129,0.7391171455383301,0.4193534851074219,99.0,0.007465829752912425,0.0017423629760742188,1.1602129936218262
CardanoSentiment,intervals_c22,2,0.3737108111381531,0.2645587921142578,3479.9012892246246,1900.9508953094482,990.0,3.5150518072976005,0.0048367977142333984,5380.857021331787
