Name,Strategy,Num dim,RMSE,MAE,Run time (extr),Run time (tsf),Num features,Time/feature,Run time (classif),Total time
TetuanEnergyConsumption,minirocket,5,1667.945068359375,1310.6448974609375,0.3508923053741455,0.04543614387512207,924.0,0.00037975357724474623,0.11906313896179199,0.5153915882110596
TetuanEnergyConsumption,multirocket,5,2271.812255859375,1736.5645751953125,0.19015145301818848,0.0241546630859375,1008.0,0.00018864231450217112,0.02839374542236328,0.24269986152648926
TetuanEnergyConsumption,tsfel,5,2670.41650390625,2086.76904296875,17.40453028678894,7.124306917190552,1030.0,0.01689760222018344,0.10782575607299805,24.63666296005249
TetuanEnergyConsumption,catch22,5,2023.0718994140625,1561.0745849609375,7.205258131027222,2.0683276653289795,110.0,0.06550234664570201,0.003640890121459961,9.277226686477661
TetuanEnergyConsumption,tsfeatures,5,3293.20751953125,2373.68115234375,11.24007534980774,5.681436061859131,185.0,0.06075716405301481,0.004954099655151367,16.92646551132202
TetuanEnergyConsumption,featuretools,5,7838.69140625,6175.93505859375,16.116250038146973,12.021556377410889,246.0,0.06551321153718281,0.008555412292480469,28.146361827850342
TetuanEnergyConsumption,signature,5,96281.234375,28983.51953125,0.417144775390625,0.07059979438781738,294.0,0.0014188597802402211,0.007577657699584961,0.49532222747802734
TetuanEnergyConsumption,intervals_c22,5,1827.47802734375,1394.7403564453125,10.926908254623413,5.38491678237915,990.0,0.011037281065276175,0.04574990272521973,16.357574939727783
