Name,Strategy,Num dim,RMSE,MAE,Run time (extr),Run time (tsf),Num features,Time/feature,Run time (classif),Total time
LiveFuelMoistureContent,signature,7,453.3410949707031,53.967529296875,5.899517774581909,2.360445022583008,504.0,0.011705392409884741,0.07677936553955078,8.336742162704468
LiveFuelMoistureContent,intervals_c22,7,56.78685760498047,42.79584884643555,17625.729806423187,7504.7035393714905,990.0,17.803767481235543,0.31305551528930664,25130.746401309967
