Name,Strategy,Num dim,RMSE,MAE,MAPE,Run time (extr),Run time (tsf),Num features,Time/feature,Run time (classif),Total time
Covid3Month,minirocket,1,0.0463380350469412,0.035269412131403895,39720966476566.98,0.13523244857788086,0.014054059982299805,924.0,0.00014635546382887538,0.006045103073120117,0.15533161163330078
Covid3Month,tsfel,1,0.03989821490274571,0.02885222743773849,20941393287286.637,4.273818016052246,1.8460099697113037,177.0,0.024145864497470318,0.003206491470336914,6.123034477233887
Covid3Month,catch22,1,0.04876542812283771,0.03417428058804491,39790295266317.02,4.034999132156372,0.8142185211181641,22.0,0.1834090514616533,0.0012674331665039062,4.85048508644104
Covid3Month,tsfeatures,1,0.043070942320125344,0.03220812770475491,24814965016792.41,4.360065221786499,1.8215384483337402,37.0,0.1178396005888243,0.0014874935150146484,6.183091163635254
Covid3Month,featuretools,1,0.04237414504346651,0.03221624186196096,33465913912238.887,0.6178152561187744,0.31131982803344727,50.0,0.012356305122375488,0.001674652099609375,0.930809736251831
Covid3Month,signature,1,0.0427987848067203,0.03205510759651409,30779234416515.1,0.22902393341064453,0.01800227165222168,42.0,0.005452950795491536,0.0013301372528076172,0.24835634231567383
Covid3Month,intervals_c22,1,0.06767612079402059,0.048943381541806365,43723087903278.1,47.528501749038696,10.993278741836548,990.0,0.048008587625291615,0.0044634342193603516,58.526243925094604
